{
  "version": 1,
  "author": "Tharini R",
  "editor": "wokwi",
  "parts": [
    { "type": "wokwi-esp32-devkit-v1", "id": "esp", "top": -11.34, "left": 48.01, "attrs": {} },
    {
      "type": "wokwi-photoresistor-sensor",
      "id": "ldr1",
      "top": 103.6,
      "left": -172.27,
      "attrs": {}
    },
    {
      "type": "wokwi-led",
      "id": "led1",
      "top": 15.73,
      "left": -56.86,
      "attrs": { "color": "red" }
    },
    {
      "type": "wokwi-resistor",
      "id": "r1",
      "top": 55.15,
      "left": -27.33,
      "attrs": { "value": "1000" }
    },
    {
      "type": "wokwi-pir-motion-sensor",
      "id": "pir1",
      "top": -52.53,
      "left": 224.75,
      "attrs": {}
    },
    {
      "type": "wokwi-buzzer",
      "id": "bz1",
      "top": -1.87,
      "left": 155,
      "attrs": { "volume": "0.1" }
    }
  ],
  "connections": [
    [ "esp:TX0", "$serialMonitor:RX", "", [] ],
    [ "esp:RX0", "$serialMonitor:TX", "", [] ],
    [ "ldr1:AO", "esp:VP", "green", [ "h36.44", "v-125.57" ] ],
    [ "ldr1:VCC", "esp:VIN", "red", [ "h43.1", "v29.27" ] ],
    [ "ldr1:GND", "esp:GND.2", "black", [ "h0" ] ],
    [ "esp:D32", "r1:2", "green", [ "h0" ] ],
    [ "led1:A", "r1:1", "green", [ "v0" ] ],
    [ "led1:C", "esp:GND.2", "green", [ "v0" ] ],
    [ "pir1:GND", "esp:GND.1", "black", [ "v0" ] ],
    [ "bz1:1", "esp:GND.1", "green", [ "v0" ] ],
    [ "pir1:OUT", "esp:D2", "green", [ "v0" ] ],
    [ "pir1:VCC", "esp:3V3", "red", [ "v0" ] ],
    [ "bz1:2", "esp:D4", "green", [ "v0" ] ]
  ],
  "dependencies": {}
}